{
 "version": "auto-py-to-exe-configuration_v1",
 "pyinstallerOptions": [
  {
   "optionDest": "noconfirm",
   "value": true
  },
  {
   "optionDest": "filenames",
   "value": "E:/Work/Python/JupyterLab/pyqt6/uwb/UWBDashboard.py"
  },
  {
   "optionDest": "onefile",
   "value": true
  },
  {
   "optionDest": "console",
   "value": false
  },
  {
   "optionDest": "icon_file",
   "value": "E:/Work/Python/JupyterLab/pyqt6/uwb/logo.ico"
  },
  {
   "optionDest": "name",
   "value": "UWBCOM"
  },
  {
   "optionDest": "clean_build",
   "value": false
  },
  {
   "optionDest": "strip",
   "value": false
  },
  {
   "optionDest": "noupx",
   "value": false
  },
  {
   "optionDest": "disable_windowed_traceback",
   "value": false
  },
  {
   "optionDest": "uac_admin",
   "value": false
  },
  {
   "optionDest": "uac_uiaccess",
   "value": false
  },
  {
   "optionDest": "argv_emulation",
   "value": false
  },
  {
   "optionDest": "bootloader_ignore_signals",
   "value": false
  },
  {
   "optionDest": "datas",
   "value": "E:/Work/Python/JupyterLab/pyqt6/uwb/highlight_config.json;."
  },
  {
   "optionDest": "datas",
   "value": "E:/Work/Python/JupyterLab/pyqt6/uwb/log.py;."
  },
  {
   "optionDest": "datas",
   "value": "E:/Work/Python/JupyterLab/pyqt6/uwb/logo.ico;."
  },
  {
   "optionDest": "datas",
   "value": "E:/Work/Python/JupyterLab/pyqt6/uwb/pic;pic/"
  }
 ],
 "nonPyinstallerOptions": {
  "increaseRecursionLimit": true,
  "manualArguments": ""
 }
}